<?xml version="1.0" encoding="utf-8"?>
 <ybdb version="2.0">
     <img>
         <item>
             <title>[鄙视]</title>
             <title2>\[鄙视\]</title2>
             <path>qrc:/images/yibanface/1bishi.gif</path>
			 <name>"):"</name>
         </item>
         <item>
             <title>[擦汗]</title>
             <title2>\[擦汗\]</title2>
             <path>qrc:/images/yibanface/2cahan.gif</path>
			 <name>")):"</name>
         </item>
		 <item>
             <title>[大笑]</title>
             <title2>\[大笑\]</title2>
             <path>qrc:/images/yibanface/3daxiao.gif</path>
			 <name>")):"</name>
         </item>
		 <item>
             <title>[得意]</title>
             <title2>\[得意\]</title2>
             <path>qrc:/images/yibanface/4deyi.gif</path>
			 <name>")):"</name>
         </item>
		 <item>
             <title>[翻白眼]</title>
             <title2>\[翻白眼\]</title2>
             <path>qrc:/images/yibanface/5fanbaiyan.gif</path>
			 <name>")):"</name>
         </item>
		 <item>
             <title>[哼哼]</title>
             <title2>\[哼哼\]</title2>
             <path>qrc:/images/yibanface/6hengheng.gif</path>
			 <name>")):"</name>
         </item>
		 <item>
             <title>[坏笑]</title>
             <title2>\[坏笑\]</title2>
             <path>qrc:/images/yibanface/7huaixiao.gif</path>
			 <name>")):"</name>
         </item>
		 <item>
             <title>[惊恐]</title>
             <title2>\[惊恐\]</title2>
             <path>qrc:/images/yibanface/8jingkong.gif</path>
			 <name>")):"</name>
         </item>
		 <item>
             <title>[开心]</title>
             <title2>\[开心\]</title2>
             <path>qrc:/images/yibanface/9kaixin.gif</path>
			 <name>")):"</name>
         </item>
		 <item>
             <title>[可爱]</title>
             <title2>\[可爱\]</title2>
             <path>qrc:/images/yibanface/10keai.gif</path>
			 <name>")):"</name>
         </item>
		 <item>
             <title>[可怜]</title>
             <title2>\[可怜\]</title2>
             <path>qrc:/images/yibanface/11kelian.gif</path>
			 <name>")):"</name>
         </item>
		 <item>
             <title>[哭]</title>
             <title2>\[哭\]</title2>
             <path>qrc:/images/yibanface/12ku.gif</path>
			 <name>")):"</name>
         </item>
		 <item>
             <title>[流汗]</title>
             <title2>\[流汗\]</title2>
             <path>qrc:/images/yibanface/13liuhan.gif</path>
			 <name>")):"</name>
         </item>
		 <item>
             <title>[难过]</title>
             <title2>\[难过\]</title2>
             <path>qrc:/images/yibanface/14nanguo.gif</path>
			 <name>")):"</name>
         </item>
		 <item>
             <title>[亲亲]</title>
             <title2>\[亲亲\]</title2>
             <path>qrc:/images/yibanface/15qinqin.gif</path>
			 <name>")):"</name>
         </item>
		 <item>
             <title>[色眯眯]</title>
             <title2>\[色眯眯\]</title2>
             <path>qrc:/images/yibanface/16semimi.gif</path>
			 <name>")):"</name>
         </item>
		 <item>
             <title>[生气]</title>
             <title2>\[生气\]</title2>
             <path>qrc:/images/yibanface/17shengqi.gif</path>
			 <name>")):"</name>
                </item>
                 <item>
             <title>[睡觉]</title>
             <title2>\[睡觉\]</title2>
             <path>qrc:/images/yibanface/18shuijiao.gif</path>
			 <name>")):"</name>
                 </item>
		 <item>
             <title>[调皮]</title>
             <title2>\[调皮\]</title2>
             <path>qrc:/images/yibanface/19tiaopi.gif</path>
			 <name>")):"</name>
         </item>
		 <item>
             <title>[偷笑]</title>
             <title2>\[偷笑\]</title2>
             <path>qrc:/images/yibanface/20touxiao.gif</path>
			 <name>")):"</name>
         </item>
		 <item>
             <title>[挖鼻孔]</title>
             <title2>\[挖鼻孔\]</title2>
             <path>qrc:/images/yibanface/21wabikong.gif</path>
			 <name>")):"</name>
         </item>
		 <item>
             <title>[委屈]</title>
             <title2>\[委屈\]</title2>
             <path>qrc:/images/yibanface/22weiqu.gif</path>
			 <name>")):"</name>
         </item>
		 <item>
             <title>[疑问]</title>
             <title2>\[疑问\]</title2>
             <path>qrc:/images/yibanface/23yiwen.gif</path>
			 <name>")):"</name>
         </item>
		 <item>
             <title>[晕]</title>
             <title2>\[晕\]</title2>
             <path>qrc:/images/yibanface/24yun.gif</path>
			 <name>")):"</name>
         </item>
		 <item>
             <title>[抓狂]</title>
             <title2>\[抓狂\]</title2>
             <path>qrc:/images/yibanface/25zhuakuang.gif</path>
			 <name>")):"</name>
         </item>
		 <item>
             <title>[哦呵呵]</title>
             <title2>\[哦呵呵\]</title2>
             <path>qrc:/images/yibanface/26ohhehe.gif</path>
			 <name>")):"</name>
         </item>
         <item>
             <title>[傲慢]</title>
             <title2>\[傲慢\]</title2>
             <path>qrc:/images/yibanface/27aoman.gif</path>
			 <name>")):"</name>
         </item>
         <item>
             <title>[尴尬]</title>
             <title2>\[尴尬\]</title2>
             <path>qrc:/images/yibanface/28ganga.gif</path>
			 <name>")):"</name>
         </item>
         <item>
             <title>[鼓掌]</title>
             <title2>\[鼓掌\]</title2>
             <path>qrc:/images/yibanface/29guzhang.gif</path>
                         <name>")):"</name>
         </item>
         <item>
             <title>[害羞]</title>
             <title2>\[害羞\]</title2>
             <path>qrc:/images/yibanface/30haixiu.gif</path>
                         <name>")):"</name>
         </item>
         <item>
             <title>[惊讶]</title>
             <title2>\[惊讶\]</title2>
             <path>qrc:/images/yibanface/31jingya.gif</path>
                         <name>")):"</name>
         </item>
         <item>
             <title>[骷髅]</title>
             <title2>\[骷髅\]</title2>
             <path>qrc:/images/yibanface/32kulou.gif</path>
                         <name>")):"</name>
         </item>
         <item>
             <title>[敲打]</title>
             <title2>\[敲打\]</title2>
             <path>qrc:/images/yibanface/33qiaoda.gif</path>
                         <name>")):"</name>
         </item>
         <item>
             <title>[糗大了]</title>
             <title2>\[糗大了\]</title2>
             <path>qrc:/images/yibanface/34qiudale.gif</path>
                         <name>")):"</name>
         </item>
         <item>
             <title>[再见]</title>
             <title2>\[再见\]</title2>
             <path>qrc:/images/yibanface/35zaijian.gif</path>
                         <name>")):"</name>
         </item>
         <item>
             <title>[变猪]</title>
             <title2>\[变猪\]</title2>
             <path>qrc:/images/yibanface/36bianzhu.gif</path>
                         <name>")):"</name>
         </item>
         <item>
             <title>[冬季]</title>
             <title2>\[冬季\]</title2>
             <path>qrc:/images/yibanface/37dongji.gif</path>
                         <name>")):"</name>
         </item>
         <item>
             <title>[祈祷]</title>
             <title2>\[祈祷\]</title2>
             <path>qrc:/images/yibanface/38qidao.gif</path>
                         <name>")):"</name>
         </item>
         <item>
             <title>[哦也]</title>
             <title2>\[哦也\]</title2>
             <path>qrc:/images/yibanface/39ohyes.gif</path>
                         <name>")):"</name>
         </item>
         <item>
             <title>[OK]</title>
             <title2>\[OK\]</title2>
             <path>qrc:/images/yibanface/51okey.gif</path>
                         <name>")):"</name>
         </item>
         <item>
             <title>[大便]</title>
             <title2>\[大便\]</title2>
             <path>qrc:/images/yibanface/52dabian.gif</path>
                         <name>")):"</name>
         </item>
         <item>
             <title>[大拇指]</title>
             <title2>\[大拇指\]</title2>
             <path>qrc:/images/yibanface/53damuzhi.gif</path>
                         <name>")):"</name>
         </item>
         <item>
             <title>[倒喝彩]</title>
             <title2>\[倒喝彩\]</title2>
             <path>qrc:/images/yibanface/54daohecai.gif</path>
                         <name>")):"</name>
         </item>
         <item>
             <title>[顶]</title>
             <title2>\[顶\]</title2>
             <path>qrc:/images/yibanface/55ding.gif</path>
                         <name>")):"</name>
         </item>
         <item>
             <title>[吻]</title>
             <title2>\[吻\]</title2>
             <path>qrc:/images/yibanface/56wen.gif</path>
                         <name>")):"</name>
         </item>
         <item>
             <title>[玫瑰]</title>
             <title2>\[玫瑰\]</title2>
             <path>qrc:/images/yibanface/57meigui.gif</path>
                         <name>")):"</name>
         </item>
         <item>
             <title>[拍手]</title>
             <title2>\[拍手\]</title2>
             <path>qrc:/images/yibanface/58paishou.gif</path>
                         <name>")):"</name>
         </item>
         <item>
             <title>[衰]</title>
             <title2>\[衰\]</title2>
             <path>qrc:/images/yibanface/59shuai.gif</path>
                         <name>")):"</name>
         </item>
         <item>
             <title>[太阳]</title>
             <title2>\[太阳\]</title2>
             <path>qrc:/images/yibanface/60son.gif</path>
                         <name>")):"</name>
         </item>
         <item>
             <title>[爱心]</title>
             <title2>\[爱心\]</title2>
             <path>qrc:/images/yibanface/61xin.gif</path>
                         <name>")):"</name>
         </item>
         <item>
             <title>[心碎]</title>
             <title2>\[心碎\]</title2>
             <path>qrc:/images/yibanface/62xinsui.gif</path>
                         <name>")):"</name>
         </item>
         <item>
             <title>[耶]</title>
             <title2>\[耶\]</title2>
             <path>qrc:/images/yibanface/63ye.gif</path>
                         <name>")):"</name>
         </item>
         <item>
             <title>[月亮]</title>
             <title2>\[月亮\]</title2>
             <path>qrc:/images/yibanface/64moon.gif</path>
                         <name>")):"</name>
         </item>
         <item>
             <title>[威武]</title>
             <title2>\[威武\]</title2>
             <path>qrc:/images/yibanface/65v5.gif</path>
                         <name>")):"</name>
         </item>
         <item>
             <title>[给力]</title>
             <title2>\[给力\]</title2>
             <path>qrc:/images/yibanface/66geili.gif</path>
                         <name>")):"</name>
         </item>
         <item>
             <title>[囧]</title>
             <title2>\[囧\]</title2>
             <path>qrc:/images/yibanface/67jiong.gif</path>
                         <name>")):"</name>
         </item>
         <item>
             <title>[宅]</title>
             <title2>\[宅\]</title2>
             <path>qrc:/images/yibanface/68zhai.gif</path>
                         <name>")):"</name>
         </item>
         <item>
             <title>[丢鸡蛋]</title>
             <title2>\[丢鸡蛋\]</title2>
             <path>qrc:/images/yibanface/69diujidan.gif</path>
                         <name>")):"</name>
         </item>
         <item>
             <title>[圣诞树]</title>
             <title2>\[圣诞树\]</title2>
             <path>qrc:/images/yibanface/70shengdanshu.gif</path>
                         <name>")):"</name>
         </item>
         <item>
             <title>[手套]</title>
             <title2>\[手套\]</title2>
             <path>qrc:/images/yibanface/71shoutao.gif</path>
                         <name>")):"</name>
         </item>
         <item>
             <title>[铜钱]</title>
             <title2>\[铜钱\]</title2>
             <path>qrc:/images/yibanface/72tongqian.gif</path>
                         <name>")):"</name>
         </item>
         <item>
             <title>[袜子]</title>
             <title2>\[袜子\]</title2>
             <path>qrc:/images/yibanface/73wazi.gif</path>
                         <name>")):"</name>
         </item>
         <item>
             <title>[咸蛋超人]</title>
             <title2>\[咸蛋超人\]</title2>
             <path>qrc:/images/yibanface/74xiandanchaoren.gif</path>
                         <name>")):"</name>
         </item>
     </img>
 </ybdb>
